id_submission,title,id_author,author,score,upvote_ratio,id_subreddit,subreddit,created_utc
gujciy,Discusi√≥n random semanal,btyje,makzk,13,0.79,2rer8,Reddit Chile: La comunidad de los panaderos de Chile,1591012802
gpjl8j,[Megathread] Coronavirus COVID-19 en Chile (parte 6),btyje,makzk,56,0.91,2rer8,Reddit Chile: La comunidad de los panaderos de Chile,1590295401
gv4wvg,Hace 250 millones de a√±os bolivia tampoco ten√≠a mar,5242viur,mr_homerone,202,0.88,2rer8,Reddit Chile: La comunidad de los panaderos de Chile,1591093988
gv8f1o,"En vivo desde San Francisco de Mostazal, O'Higgins, Chile.",o2t6w,itsPoznan,28,1.0,2rer8,Reddit Chile: La comunidad de los panaderos de Chile,1591108477
guohr1,u/IceLovey hablando por todos los chilenos üíú,134eqmpb,vampireondrugs,930,0.96,2rer8,Reddit Chile: La comunidad de los panaderos de Chile,1591031458
gv7dus,Mayo fue el mes con m√°s fallecidos en la RM de la √∫ltima d√©cada: 4.873 muertos,qpzr8,mijogo,20,1.0,2rer8,Reddit Chile: La comunidad de los panaderos de Chile,1591104673
gv8g2q,Estos son los tiempos mejores.Cu√°ndo te salen ads de pi√±era en youtube y el pais en la caca,45e5f4j8,Daniel-Soto,14,1.0,2rer8,Reddit Chile: La comunidad de los panaderos de Chile,1591108582
gv0de1,T√∫ conoces la funa m√°xima?,1yiwn3co,Otihcan,89,0.92,2rer8,Reddit Chile: La comunidad de los panaderos de Chile,1591071690
gum6wi,Paren la maquina.,17zctp7v,ibeus93,736,0.96,2rer8,Reddit Chile: La comunidad de los panaderos de Chile,1591023816
guuvbs,E X I T O,cu4ssv9,Pepelopulus,126,0.94,2rer8,Reddit Chile: La comunidad de los panaderos de Chile,1591051398
gv1otl,Cinco grandes constructoras reparten utilidades aunque se beneficiaron con la suspensi√≥n de contratos de sus trabajadores,5j1lu3vg,goodestboahinthewest,30,0.85,2rer8,Reddit Chile: La comunidad de los panaderos de Chile,1591077633
gv36y8,"Podcast con historias de terror, ciencia ficci√≥n, suspenso, fantas√≠a, etc",3f2t7xyj,lalan49,16,0.95,2rer8,Reddit Chile: La comunidad de los panaderos de Chile,1591085066
guvzwv,Diego y Glot Out of Context.,4t13yegy,MrKadabraAXyWatch,60,0.93,2rer8,Reddit Chile: La comunidad de los panaderos de Chile,1591055170
gunt4z,Fachobot support,3vrzikq,Elephant_b,190,0.87,2rer8,Reddit Chile: La comunidad de los panaderos de Chile,1591029294
guzi30,Anonymous y el SENAME,6d794lq3,Domodimmadome,23,0.86,2rer8,Reddit Chile: La comunidad de los panaderos de Chile,1591068075
gv1ulc,"Gobierno pide a la oposici√≥n ""menos cr√≠ticas y m√°s soluciones"" por entrega de cajas de alimentos",3fqzb,ffuentes,10,0.92,2rer8,Reddit Chile: La comunidad de los panaderos de Chile,1591078390
guusoa,Estudio confirma nuevo g√©nero de plantas nativas: Es end√©mico de Chile y tiene una sola especie,16ninr,yacaCL,31,0.93,2rer8,Reddit Chile: La comunidad de los panaderos de Chile,1591051148
guzivl,Pan amasado ¬°De Betarraga/Remolacha!!!,697rlil5,BewareWetPaint,11,0.73,2rer8,Reddit Chile: La comunidad de los panaderos de Chile,1591068161
gv0lzw,Chilean bread is delicious!,kc7xf,quasianagrammatic,9,0.91,2rer8,Reddit Chile: La comunidad de los panaderos de Chile,1591072723
guzufs,Curva Normal r/chile,6acokof5,sedapemu,10,0.86,2rer8,Reddit Chile: La comunidad de los panaderos de Chile,1591069487
guttip,¬øHay algo que les de mucha felicidad?,12529q,traegario,30,0.91,2rer8,Reddit Chile: La comunidad de los panaderos de Chile,1591048005
guvpxu,Fotos: La intimidad de las panader√≠as chilenas,3fqzb,ffuentes,18,0.96,2rer8,Reddit Chile: La comunidad de los panaderos de Chile,1591054221
gv9c7w,Soy un chileno autista AMA,5aca4nj0,laabejamaximaa,1,0.6,2rer8,Reddit Chile: La comunidad de los panaderos de Chile,1591111681
gv92rk,YouTube,1gu9x96i,mirandaparra,1,1.0,2rer8,Reddit Chile: La comunidad de los panaderos de Chile,1591110788
guuj17,Mi amigo hizo una skin en roblox de bueno ya saben...,4lhaz8r1,guenagus,26,0.68,2rer8,Reddit Chile: La comunidad de los panaderos de Chile,1591050277
gusjq3,Taller Redacci√≥n Creativa Reddit 6,7oeyrn1,chiledoesntexist,31,0.94,2rer8,Reddit Chile: La comunidad de los panaderos de Chile,1591044051
guy5ye,"COVID, Casos confirmados por mill√≥n de habitantes",6740s,Kantuva,8,0.73,2rer8,Reddit Chile: La comunidad de los panaderos de Chile,1591062910
gup4xt,Municipalidad de Las Condes gast√≥ m√°s de $10 millones en fallida reapertura del Apumanque,5j1lu3vg,goodestboahinthewest,34,0.91,2rer8,Reddit Chile: La comunidad de los panaderos de Chile,1591033499
gutdgu,M√°ster en Salud de la Universidad de Harvard: ‚ÄúEl nivel de fallecidos en Chile podr√≠a tener caracter√≠sticas catastr√≥ficas‚Äù,7lo2s,fuchow,16,0.9,2rer8,Reddit Chile: La comunidad de los panaderos de Chile,1591046589
gv1xq1,Internet en estos momentos be like:,1yesr8ws,negroletti,4,0.56,2rer8,Reddit Chile: La comunidad de los panaderos de Chile,1591078831
gu9zry,"""Desde el 3 de enero...""",dx4rt,Harkoncito,762,0.96,2rer8,Reddit Chile: La comunidad de los panaderos de Chile,1590969769
gv08fq,"En su opini√≥n, cual es el mejor alimento de perros? NO BARF",11x2us,BorderLove89,5,0.86,2rer8,Reddit Chile: La comunidad de los panaderos de Chile,1591071108
gube0m,Cuando ya no se aguanta m√°s,4o5ust50,jorge-cepeda,519,0.9,2rer8,Reddit Chile: La comunidad de los panaderos de Chile,1590975044
guuz28,Emprender en Chile,6acokof5,sedapemu,9,0.91,2rer8,Reddit Chile: La comunidad de los panaderos de Chile,1591051751
gus0d9,"""¬øVictimizar al victimario?"": campa√±a del Sernameg desata cr√≠ticas al poner foco en el agresor",7oeyrn1,chiledoesntexist,15,0.94,2rer8,Reddit Chile: La comunidad de los panaderos de Chile,1591042357
gv097i,Antofagasta post cuarentena: descontrolado fin de semana en la perla del Norte,wleem,MinaDawngate,3,0.8,2rer8,Reddit Chile: La comunidad de los panaderos de Chile,1591071194
gux1l5,Personas de Reddit. Que trabajo recomiendan que no requieran experiencia previa?,3vv93jkw,BrightnessDay,4,0.84,2rer8,Reddit Chile: La comunidad de los panaderos de Chile,1591058800
gurkvm,"#CuentasConmigo, la nueva campa√±a del Ministerio de la Mujer contra la violencia",dx4rt,Harkoncito,12,0.8,2rer8,Reddit Chile: La comunidad de los panaderos de Chile,1591041013
guoham,"Casos confirmados en Chile COVID-19, 1 de Junio.",495a5aaj,0Max00,16,0.95,2rer8,Reddit Chile: La comunidad de los panaderos de Chile,1591031416
gubx62,Ojo con el cuento del tio al vender en yapo,umk6l,zqElephant,271,1.0,2rer8,Reddit Chile: La comunidad de los panaderos de Chile,1590977210
gutzhp,Saben si hay cordones sanitarios en la ruta 5 norte? entre la calera y santiago?,wu1aa,warisop,7,1.0,2rer8,Reddit Chile: La comunidad de los panaderos de Chile,1591048515
gunvy9,AFP ProVida: dos empleados transfieren $329 millones a personas sin derecho a pensi√≥n,4mm6kgog,ChoiceTechnician,13,0.93,2rer8,Reddit Chile: La comunidad de los panaderos de Chile,1591029549
guo5sn,"Minsal reduce a 10 d√≠as cuarentena para casos ""leves"" de coronavirus",vdksb,blindmodz,13,1.0,2rer8,Reddit Chile: La comunidad de los panaderos de Chile,1591030438
gup1yb,Comienza a regir cobro de impuesto a Netflix y dem√°s servicios digitales,wleem,MinaDawngate,11,0.92,2rer8,Reddit Chile: La comunidad de los panaderos de Chile,1591033234
guuoew,Is Mercadopago trustworthy? (in terms of giving them your passport),9sjet,groggyhouse,4,0.83,2rer8,Reddit Chile: La comunidad de los panaderos de Chile,1591050773
guitec,¬øComo conocen gente? ¬øComo dejan de sentirse repulsivos?,6mq6qu71,___harpuia,32,0.94,2rer8,Reddit Chile: La comunidad de los panaderos de Chile,1591010332
gulw28,Los peores presagios se cumplen y la econom√≠a chilena sufre en abril una contracci√≥n sin precedentes por el impacto del coronavirus,61hjutr6,halfwaythug,17,0.75,2rer8,Reddit Chile: La comunidad de los panaderos de Chile,1591022751
gv18wc,"¬øQue opinan de todo esto de annonymous, pizzagate, etc?",13bhdq,Haadv,0,0.4,2rer8,Reddit Chile: La comunidad de los panaderos de Chile,1591075571
gtztzd,Arica,1y2ba1nb,mmnssc,1322,0.97,2rer8,Reddit Chile: La comunidad de los panaderos de Chile,1590934644
gutkq7,Supuestamente Anonimus a hackeado informaci√≥n de carabineros de chile. Alguien sabe si es cierto?,527yjpr0,PXpropox,4,0.62,2rer8,Reddit Chile: La comunidad de los panaderos de Chile,1591047222
guop1z,Posteando fotos de Tulio [Parte 3] Version Bodoque,3z2g0mic,LeandroXQI,8,0.64,2rer8,Reddit Chile: La comunidad de los panaderos de Chile,1591032094
gua8ek,"Primera pizza que hago en la vida, aunque odio cocinar, qued√≥ rica y mi mami me puso un 7,0",if3bd,_CG_,156,0.93,2rer8,Reddit Chile: La comunidad de los panaderos de Chile,1590970632
guzi1g,Necesito Distribuidores alguien conoce ?,675se68t,javiermanriquez99,1,1.0,2rer8,Reddit Chile: La comunidad de los panaderos de Chile,1591068070
guvpon,"Coronavirus Spread Timeline (May 30, 2020) - Chile Rising",59v5qxws,OptiCharts,2,1.0,2rer8,Reddit Chile: La comunidad de los panaderos de Chile,1591054198
gusvwj,IVA Digital,cou2a,klausmox,3,1.0,2rer8,Reddit Chile: La comunidad de los panaderos de Chile,1591045094
gugpwv,Vaya coincidencia...,6277me7o,wiZz_K4,29,0.72,2rer8,Reddit Chile: La comunidad de los panaderos de Chile,1590999718
gue142,"Ah yes, L O N G C H I L E",4ndxyw8u,unchoclo328,52,0.85,2rer8,Reddit Chile: La comunidad de los panaderos de Chile,1590986340
guy2fw,Ayuda con viaje de mi suegra (61) a chile chico,ib7u4io,alvarolivecl,0,0.5,2rer8,Reddit Chile: La comunidad de los panaderos de Chile,1591062543
guwhyb,Alg√∫n otorrinolaring√≥logo/a por aqu√≠????,14g67b91,homarchala,1,1.0,2rer8,Reddit Chile: La comunidad de los panaderos de Chile,1591056857
gumjwf,Supermercados baratos con la juna Conce,5vfop41b,kempineapple,6,1.0,2rer8,Reddit Chile: La comunidad de los panaderos de Chile,1591025087
gu7eeg,"Caja de alimento comprando como mayorista en supermercado ALVI, nose que trae la del gobierno, pero esto fueron 30 Lucas en mercader√≠a",6acokof5,sedapemu,127,0.99,2rer8,Reddit Chile: La comunidad de los panaderos de Chile,1590960559
gulkny,Como evitar que la gente salga de sus casas?,6acokof5,sedapemu,6,0.87,2rer8,Reddit Chile: La comunidad de los panaderos de Chile,1591021602
guo8sr,Critica a como se modera en este reddit,n5ych,pkdevol,4,0.54,2rer8,Reddit Chile: La comunidad de los panaderos de Chile,1591030702
guq7qh,Chileans Getting an EU Passport/Citizenship,5ab0ff9o,SoxInDaBox,2,0.67,2rer8,Reddit Chile: La comunidad de los panaderos de Chile,1591036859
gumy5o,Musica ex Machina: Podcast sobre M√∫sica Electr√≥nica desde Chile.,4d172pdn,QuidamCadunt,3,1.0,2rer8,Reddit Chile: La comunidad de los panaderos de Chile,1591026480
gum4f1,30 a√±os y el regreso de la pobreza,za2w6,Random_182f2565,4,1.0,2rer8,Reddit Chile: La comunidad de los panaderos de Chile,1591023585
guf5g9,Violencia como soluci√≥n,5n1aqmmq,Ar_qi,13,0.88,2rer8,Reddit Chile: La comunidad de los panaderos de Chile,1590991878
gue91n,Las funas son una mierda.,3obiokq9,_vaev87_,15,0.59,2rer8,Reddit Chile: La comunidad de los panaderos de Chile,1590987393
gumwjq,Reporte diario COVID-19 01/06/2020,2hhv6pt3,pierdesporfumar,2,1.0,2rer8,Reddit Chile: La comunidad de los panaderos de Chile,1591026334
guaaak,Tinder no cambies nunca,2gelssuc,Malvicioalavena,34,0.85,2rer8,Reddit Chile: La comunidad de los panaderos de Chile,1590970828
gucm0b,"Chile supera los mil muertos por COVID-19, roza los 100 mil contagios y red de salud est√° a punto de colapsar",5j1lu3vg,goodestboahinthewest,19,0.85,2rer8,Reddit Chile: La comunidad de los panaderos de Chile,1590980111
gufcbk,Sitio web de Coronavirus para Chile por estudiante universitario canadiense,6dam393v,NMacMUSK,9,1.0,2rer8,Reddit Chile: La comunidad de los panaderos de Chile,1590992857
gu7wrv,La-Do-La-Si,3uyv2,ozzraven,37,0.8,2rer8,Reddit Chile: La comunidad de los panaderos de Chile,1590962348
gunedf,Restricci√≥n Vehicular y fiscalizaci√≥n?,1tnq7tit,Koshayuyo84,0,0.5,2rer8,Reddit Chile: La comunidad de los panaderos de Chile,1591027960
gu2y4i,Posteando Fotos de Tulio [Parte 2],3z2g0mic,LeandroXQI,61,0.82,2rer8,Reddit Chile: La comunidad de los panaderos de Chile,1590945659
gub41t,Prehistoric great white shark nursery discovered in Chile,14hy5h,javier_aeoa,15,0.84,2rer8,Reddit Chile: La comunidad de los panaderos de Chile,1590973983
guiadu,"Dado que las protestas estadounidense tienen similitudes con nuestras protestas, es posible que el discurso evolucione?",16pgsc,grey_carbon,3,0.58,2rer8,Reddit Chile: La comunidad de los panaderos de Chile,1591007806
gu42ge,How are things in Chile?,4pgtrr0i,NegoMassu,39,0.86,2rer8,Reddit Chile: La comunidad de los panaderos de Chile,1590949402
gttxi9,Est√°n wenos los D√≠as R Ripley,vfvdw,Gabo2oo,299,0.97,2rer8,Reddit Chile: La comunidad de los panaderos de Chile,1590906098
gu2wpj,Adulto mayor muri√≥ en su casa sin saber el resultado del PCR y a√∫n no retiran su cuerpo,2pxvf03m,TitoDantito,34,0.93,2rer8,Reddit Chile: La comunidad de los panaderos de Chile,1590945516
gu3ihq,"Casos confirmados en Chile COVID-19, 31 de Mayo.",495a5aaj,0Max00,26,1.0,2rer8,Reddit Chile: La comunidad de los panaderos de Chile,1590947578
gucd52,9nos en el mundo con m√°s casos activos de COVID-19,bczg7h,felipejorgea,5,0.69,2rer8,Reddit Chile: La comunidad de los panaderos de Chile,1590979059
gu246r,The War of the Pacific (Not World War II) Is the Conflict You Never Heard Of,4mm6kgog,ChoiceTechnician,33,0.89,2rer8,Reddit Chile: La comunidad de los panaderos de Chile,1590942740
gu7n3q,Psic√≥logo online?,6mq6qu71,___harpuia,10,0.83,2rer8,Reddit Chile: La comunidad de los panaderos de Chile,1590961407
gu14qp,cajas > transferencias,kc7xf,quasianagrammatic,25,0.9,2rer8,Reddit Chile: La comunidad de los panaderos de Chile,1590939278
gtg9do,"Cabres, les presento a mi perro, se llama lucas y ha sido mi compa√±ero de cuarentena, siempre que almuerzo se sienta en la mesa y el culiao me mira con esa cara de que constantemente est√° juzgando mis acciones y mi toma de decisiones.",1fzih9m6,Juancillo,1850,0.98,2rer8,Reddit Chile: La comunidad de los panaderos de Chile,1590853595
gu6un6,Cuando el Estado no protege: las duras lecciones de la crisis de 1930,4mm6kgog,ChoiceTechnician,9,0.91,2rer8,Reddit Chile: La comunidad de los panaderos de Chile,1590958664
gu0aqj,¬øHay algo que realmente les de mucho miedo?,12529q,traegario,25,0.89,2rer8,Reddit Chile: La comunidad de los panaderos de Chile,1590936179
gu6cas,Gente que participa de ONGs/ollas comunes para consejos,7533vea,aanl01,6,0.81,2rer8,Reddit Chile: La comunidad de los panaderos de Chile,1590956961
gu6tr2,Me conviene cambiarme de vtr a movistar?? (fibra optica),4x1qogz9,Diegordo23,6,0.76,2rer8,Reddit Chile: La comunidad de los panaderos de Chile,1590958583
guc20r,"Si tienes un mal habito y lo reemplazaras por uno bueno, eso no corrompe el buen habito?",6gau6rbi,Wesss--,3,0.67,2rer8,Reddit Chile: La comunidad de los panaderos de Chile,1590977781
gumigp,Pregunta kbros sobre anonymous,5eavnw09,ikigai_tp,0,0.11,2rer8,Reddit Chile: La comunidad de los panaderos de Chile,1591024929
gu160s,¬øHay alg√∫n Soltero(a) que no se ha sentido bien durante la pandemia?,no75a,Polloneitor,8,0.69,2rer8,Reddit Chile: La comunidad de los panaderos de Chile,1590939397
gtlx8q,"Sobre la sexualidad femenina, mitos y consejos NSFW para la cuarentena",5jfroysk,kweenofhell,214,0.89,2rer8,Reddit Chile: La comunidad de los panaderos de Chile,1590873001
gttbhl,PedidosYa a la justicia: Trabajadores de delivery presentan demanda colectiva,za2w6,Random_182f2565,35,0.93,2rer8,Reddit Chile: La comunidad de los panaderos de Chile,1590902916
gtq8wt,Triunfo para los trabajadores de Hites: Medida prejudicial ordena a la empresa pagar sueldos a funcionarios suspendidos unilateralmente,za2w6,Random_182f2565,48,0.94,2rer8,Reddit Chile: La comunidad de los panaderos de Chile,1590888938
gtg6yu,"Arlo, Mi primer perrito, adoptado ayer :)",3j115rwj,nosboddobson,280,0.98,2rer8,Reddit Chile: La comunidad de los panaderos de Chile,1590853351
gu7yo5,Vender computador rapidamente en Temuco,5teibduu,mistercreamypie,1,1.0,2rer8,Reddit Chile: La comunidad de los panaderos de Chile,1590962527
gtllot,Sipo cabros no se olviden,hyc05hl,FinchoDM,103,0.84,2rer8,Reddit Chile: La comunidad de los panaderos de Chile,1590871964
gts9zq,Detienen a hombre con coronavirus tras ser sorprendido robando en supermercado del Gran Concepci√≥n,zens6,JustShhhhhh,26,0.93,2rer8,Reddit Chile: La comunidad de los panaderos de Chile,1590897948
gtphfc,Posteando fotos de tulio aunque no sea chileno parte 1,3z2g0mic,LeandroXQI,43,0.8,2rer8,Reddit Chile: La comunidad de los panaderos de Chile,1590885867
gu6laq,Son las cifras de fallecidos una estimaci√≥n?,14cs2m,gatoshico,1,0.53,2rer8,Reddit Chile: La comunidad de los panaderos de Chile,1590957797
gto28e,Y porqu√© tan barato?,7z2lw,Mickkastle,50,0.86,2rer8,Reddit Chile: La comunidad de los panaderos de Chile,1590880455
gtqfee,Que zarpa ctm,12lsfm,felz_kun,30,0.84,2rer8,Reddit Chile: La comunidad de los panaderos de Chile,1590889730
gtm4ua,"M√°s de 20 a√±os de sequ√≠a, timelapse previo a las primeras gotas, sector 4 esquinas, La Serena.",6acokof5,sedapemu,56,0.9,2rer8,Reddit Chile: La comunidad de los panaderos de Chile,1590873702
gtrkk4,Recopilaci√≥n de Animaci√≥n chilena - CHILEAN ANIMATIONÔΩú„ÉÅ„É™„Ç¢„Éã„É° Ôºà Ïπ†Î†à Ïï†ÎãàÎ©îÏù¥ÏÖòÔºâ,16hl0o2m,burstraging,22,0.88,2rer8,Reddit Chile: La comunidad de los panaderos de Chile,1590894741
gtxv2c,La reunion del gobierno para el covit ilustrada,134ttz,magallanes2010,3,0.53,2rer8,Reddit Chile: La comunidad de los panaderos de Chile,1590926348
gtik6m,Vectores en moto,zens6,JustShhhhhh,78,0.89,2rer8,Reddit Chile: La comunidad de los panaderos de Chile,1590861640
gtqe4s,Primera vez haciendo bolillos,xzybj,efedeghe,18,0.82,2rer8,Reddit Chile: La comunidad de los panaderos de Chile,1590889579
gtowc3,La fuerte confesi√≥n del alcalde de Graneros: le dio droga a enfermo de coronavirus para que no saliera a la calle,yup5h6a,riczan,20,0.87,2rer8,Reddit Chile: La comunidad de los panaderos de Chile,1590883566
gtmlrj,Izkia Siches desmiente a Marcela Cubillos: ‚ÄúNunca llamamos a protestar‚Äù,5j1lu3vg,goodestboahinthewest,34,0.86,2rer8,Reddit Chile: La comunidad de los panaderos de Chile,1590875327
gtq4of,Vtr: Historias,5j1lu3vg,goodestboahinthewest,15,0.86,2rer8,Reddit Chile: La comunidad de los panaderos de Chile,1590888448
gu10av,Que silla escritorio/gamer recomiendan en el rango 200k?,je1rx,fliktor,1,0.6,2rer8,Reddit Chile: La comunidad de los panaderos de Chile,1590938841
gtowqs,¬øCual cadena de supermercados creen que hace la hallulla m√°s decente?,1hmwjig4,Horseypunch,15,0.86,2rer8,Reddit Chile: La comunidad de los panaderos de Chile,1590883608
gtg8bn,Pi√±ericosas,450zq1x4,corgis20,48,0.76,2rer8,Reddit Chile: La comunidad de los panaderos de Chile,1590853487
gt34ys,Bandera Mapuche avistada en una protesta fuera de una comisar√≠a en Minneapolis,qjekk,Degaperez7,879,0.95,2rer8,Reddit Chile: La comunidad de los panaderos de Chile,1590792756
gtq0ld,pregunta sobre juguete noventero,7vdv27p,acid8k,6,1.0,2rer8,Reddit Chile: La comunidad de los panaderos de Chile,1590887981
gtn237,Gobierno realiza despligue de ministros en terreno para entrega de cajas de alimentos,4xn2sy0,Insania2014,10,0.86,2rer8,Reddit Chile: La comunidad de los panaderos de Chile,1590876933
gtso3j,Que internet recomiendan?,gxhhg,xerickonly,2,0.75,2rer8,Reddit Chile: La comunidad de los panaderos de Chile,1590899774
gtgcl7,"Casos confirmados en Chile COVID-19, 30 de Mayo.",495a5aaj,0Max00,22,0.96,2rer8,Reddit Chile: La comunidad de los panaderos de Chile,1590853923
gtjdjj,¬øCu√°l es la situaci√≥n de las iglesias en Chile en medio de la cuarentena?,za2w6,Random_182f2565,12,0.88,2rer8,Reddit Chile: La comunidad de los panaderos de Chile,1590864233
gtql7c,Tiendas Online deportivas,6t2inip,IgnacioDuFa,2,1.0,2rer8,Reddit Chile: La comunidad de los panaderos de Chile,1590890432
gtgi0f,¬øCu√°nto cuesta una hospitalizaci√≥n por Covid-19 en Chile?,4mm6kgog,ChoiceTechnician,12,1.0,2rer8,Reddit Chile: La comunidad de los panaderos de Chile,1590854450
gt3prd,Puta que me re√≠,4t10yjhj,claudio_hurtado,234,0.93,2rer8,Reddit Chile: La comunidad de los panaderos de Chile,1590794952
gt4r4q,Boomer momment,6277me7o,wiZz_K4,171,0.97,2rer8,Reddit Chile: La comunidad de los panaderos de Chile,1590798956
gt9o3j,"FACh tendr√° que devolver 1,3 millones de d√≥lares por irregularidades en comisiones al extranjero",5j1lu3vg,goodestboahinthewest,55,0.96,2rer8,Reddit Chile: La comunidad de los panaderos de Chile,1590820885
gt6brt,Navarro verificando su fragancia trasera,dgrmi,Wskar,100,0.96,2rer8,Reddit Chile: La comunidad de los panaderos de Chile,1590805351
gtgjkt,Existe acceso a alguna c√°mara de control de tr√°nsito o de monitoreo en Concepci√≥n?,5vowrmmr,BentoFpv,7,0.9,2rer8,Reddit Chile: La comunidad de los panaderos de Chile,1590854599
gt4czz,Please help and god Bless you. .,4mm6kgog,ChoiceTechnician,137,0.95,2rer8,Reddit Chile: La comunidad de los panaderos de Chile,1590797421
gti87m,Hummingbird,6jxv43h4,samic888,5,1.0,2rer8,Reddit Chile: La comunidad de los panaderos de Chile,1590860520
gt46nn,Les presento el pay de limon de mi vieja,4lyw2xol,Finfu404,86,0.9,2rer8,Reddit Chile: La comunidad de los panaderos de Chile,1590796749
gti1hl,Cosecha frutos del arrayan,6jxv43h4,samic888,3,1.0,2rer8,Reddit Chile: La comunidad de los panaderos de Chile,1590859885
gstc1c,Estampillas chilenas que encontr√© en la colecci√≥n de mi mam√°.,3s1f2r9q,50ff144,388,0.99,2rer8,Reddit Chile: La comunidad de los panaderos de Chile,1590760145
gt66t2,Les comparto estos pancitos trenzados qe hice en la tarde!!! Quedaron geniales.,4dxkalu7,NamelessSheep,40,0.87,2rer8,Reddit Chile: La comunidad de los panaderos de Chile,1590804772
gt5nut,Ma√±alies They Live,13ijbz,esteban2693,33,0.74,2rer8,Reddit Chile: La comunidad de los panaderos de Chile,1590802607
gt3vw3,"Esta foto la tom√© camino a mi casa (San Pedro), fue como a principios de abril si. Ya la sacaron pq es tema sensible supongo.",1f2e5val,nohaymicros,49,0.98,2rer8,Reddit Chile: La comunidad de los panaderos de Chile,1590795593
gsxjy3,La contienda es desigual,32t3ec8y,elquenosale,121,0.94,2rer8,Reddit Chile: La comunidad de los panaderos de Chile,1590774278
gsvsf6,Autoinmune,2g4yktlm,NoCacho,165,0.93,2rer8,Reddit Chile: La comunidad de los panaderos de Chile,1590768601
gt7m2x,"Cresta, ten√≠a que ser",gi504,Creis_Telwood,17,1.0,2rer8,Reddit Chile: La comunidad de los panaderos de Chile,1590810951
gt7bt6,"¬øQue cambios tendr√≠a Chile si se aprueba la ""Ley Tom√°s""?",1h8yhq66,FrozenBiteInc,14,0.71,2rer8,Reddit Chile: La comunidad de los panaderos de Chile,1590809633
gswu0e,"Dat ""canasta b√°sica vegana"".",htnka,jorgicio,92,0.95,2rer8,Reddit Chile: La comunidad de los panaderos de Chile,1590771961
gszgvc,"Pi√±era tras inicio del pago de subsidio al Ingreso M√≠¬≠nimo Garantizado: ‚ÄúSabemos que no es suficiente, pero en la vida nada es suficiente‚Äù",kc7xf,quasianagrammatic,58,0.92,2rer8,Reddit Chile: La comunidad de los panaderos de Chile,1590780367
gszkzt,Una foto que tom√© al comienzo del a√±o en Algarrobo,5j1lu3vg,goodestboahinthewest,56,0.94,2rer8,Reddit Chile: La comunidad de los panaderos de Chile,1590780743
gst4yl,"Joven con Covid-19 viol√≥ cuarentena y se accident√≥: aislados 11 bomberos, 7 carabineros y 4 de SAMU",4mm6kgog,ChoiceTechnician,118,0.98,2rer8,Reddit Chile: La comunidad de los panaderos de Chile,1590759381
gsyydj,Gobierno decide expulsar a ciudadano peruano acusado de organizar fiesta en medio de la cuarentena,wleem,MinaDawngate,42,0.92,2rer8,Reddit Chile: La comunidad de los panaderos de Chile,1590778768
gsz62n,¬øDeber√≠a ser requisito que un Ministro de Estado tenga un m√≠nimo de conocimiento respecto a c√≥mo viven sus compatriotas? ¬øO solo importa que haga una buena gesti√≥n en su √°rea?,2pxvf03m,TitoDantito,34,0.8,2rer8,Reddit Chile: La comunidad de los panaderos de Chile,1590779417
gshj9j,Eleven With BreadWhatWhats,f9tijjb,andijones,1294,0.98,2rer8,Reddit Chile: La comunidad de los panaderos de Chile,1590709050
gt4pch,Pink Floyd - Utah's Chilean Flamingo. La historia poco conocida del Flamenco Chileno que escapo de un aviario en Utah,gvyvk,parishiIt0n,11,0.92,2rer8,Reddit Chile: La comunidad de los panaderos de Chile,1590798766
gt0l6n,Fisco deber√° indemnizar con $63 millones a j√≥venes acusados de asalto que no cometieron en RM,61vmd,aChileanDude,23,0.88,2rer8,Reddit Chile: La comunidad de los panaderos de Chile,1590783921
gsyn42,Dibujando a Juan Carlos Bodoque - 31 Minutos - Procreate -Speedpainting,68ozec4s,jamett1023,31,0.93,2rer8,Reddit Chile: La comunidad de los panaderos de Chile,1590777742
gszind,Condorito,1honjhuu,Groempie_Kokosnoot,25,0.8,2rer8,Reddit Chile: La comunidad de los panaderos de Chile,1590780535
gt3hf4,"Dirigente de pesca artesanal se querella contra colega por amenazas de ""trabajos de brujer√≠¬≠a""",htnka,jorgicio,9,0.85,2rer8,Reddit Chile: La comunidad de los panaderos de Chile,1590794055
gt5gvq,"Vivo en los EEUU, preg√∫ntenme lo que quieran.",6ysyxlp,jackdskis,6,0.61,2rer8,Reddit Chile: La comunidad de los panaderos de Chile,1590801819
gswwpy,Un peruano brigido,5osj80j9,Shrek-ninja,24,0.71,2rer8,Reddit Chile: La comunidad de los panaderos de Chile,1590772205
gt4a9c,Alcalde de El Bosque denuncia ‚Äúrecorte‚Äù de cajas para su comuna: ‚ÄúCon el hambre no se especula‚Äù,5j1lu3vg,goodestboahinthewest,8,0.7,2rer8,Reddit Chile: La comunidad de los panaderos de Chile,1590797124
gt0h7q,Alg√∫n bajista reconocido chileno?,htwtydl,mearsentadoesdepana,12,1.0,2rer8,Reddit Chile: La comunidad de los panaderos de Chile,1590783569
gt6806,Alguna banda chilena buena de musica post-punk ??,67y6wj53,PhilipJay99,4,0.75,2rer8,Reddit Chile: La comunidad de los panaderos de Chile,1590804910
gszff2,Es confiable aliexpress?,3etpv5qk,JavierLawliet,14,0.82,2rer8,Reddit Chile: La comunidad de los panaderos de Chile,1590780252
gt3gm7,M√°s recursos para el banco central: FMI aprueba l√≠nea de cr√©dito flexible a Chile por casi US$ 24.000,6kwxv3te,JungianMonsieur,6,0.8,2rer8,Reddit Chile: La comunidad de los panaderos de Chile,1590793969
gsuyvd,"Casos confirmados en Chile COVID-19, 29 de Mayo.",495a5aaj,0Max00,21,0.93,2rer8,Reddit Chile: La comunidad de los panaderos de Chile,1590765872
gt0sdi,Ayuda!!!,1d4010bu,IgDoritos,7,0.71,2rer8,Reddit Chile: La comunidad de los panaderos de Chile,1590784576
gsuce9,Desempleo sube al 9 por ciento: Desocupados en Chile superan las 814 mil personas,4mm6kgog,ChoiceTechnician,24,0.94,2rer8,Reddit Chile: La comunidad de los panaderos de Chile,1590763770
gszaa6,Chile Vamos pide al gobierno no aplicar reajuste al sector p√∫blico a rentas sobre $ 750 mil - La Tercera,kc7xf,quasianagrammatic,10,0.86,2rer8,Reddit Chile: La comunidad de los panaderos de Chile,1590779795
gsycdy,Vlado Mirosevic (PL) por acuerdo nacional: El Presidente deber√° explicar por qu√© solo invitan a los que ellos quieren,2pxvf03m,TitoDantito,10,0.86,2rer8,Reddit Chile: La comunidad de los panaderos de Chile,1590776794
gszs7a,Charla: El Pelagornis chilensis,14hy5h,javier_aeoa,8,0.9,2rer8,Reddit Chile: La comunidad de los panaderos de Chile,1590781358
gsnb7e,18 de octubre a la gringa?,2bihaegs,Ignis_Warrior,84,0.93,2rer8,Reddit Chile: La comunidad de los panaderos de Chile,1590732765
gt655h,Consulta: donde comprar chromebook?,119vs1,hipsterdad_sf,2,0.76,2rer8,Reddit Chile: La comunidad de los panaderos de Chile,1590804583
gt09ag,Malas noticias para arcas fiscales: excedentes para el Estado de Codelco se desploman 85% a marzo,61hjutr6,halfwaythug,7,0.88,2rer8,Reddit Chile: La comunidad de los panaderos de Chile,1590782863
gspai3,"Chilenos que est√°n viviendo en otra parte del mundo, como llegaron hasta all√° y que los hizo quedarse?",2m0emc1c,cons19,33,0.89,2rer8,Reddit Chile: La comunidad de los panaderos de Chile,1590742460
gsczx5,Pisco a lo macho vibes,4opjtiqk,Garrek999,365,0.97,2rer8,Reddit Chile: La comunidad de los panaderos de Chile,1590694304
gt3eyq,Alguien con conocimientos en interfaces de audio que me pueda ayudar?,,,2,1.0,2rer8,Reddit Chile: La comunidad de los panaderos de Chile,1590793798
gt30sc,Necesito encontrar inversionistas que sepa invertir mi dinero,1l2s9lea,AlvaroSP,2,0.63,2rer8,Reddit Chile: La comunidad de los panaderos de Chile,1590792313
gshtgw,"Vtr no se me cae tanto, pero se enchueca",2ek3up6r,guillermotor,139,0.98,2rer8,Reddit Chile: La comunidad de los panaderos de Chile,1590710060
gtaiqd,13 ventiladores mec√°nicos fueron exportados desde Chile en plena alerta sanitaria,6gamcto1,Chile_primero1,0,0.47,2rer8,Reddit Chile: La comunidad de los panaderos de Chile,1590825345
gsl2fs,Curic√≥ no falla.,7oeyrn1,chiledoesntexist,62,0.95,2rer8,Reddit Chile: La comunidad de los panaderos de Chile,1590722746
gsw27q,¬øC√≥mo comprar en l√≠nea desde M√©xico (Entrega en Santiago)?,cnfhp,markonisg,5,1.0,2rer8,Reddit Chile: La comunidad de los panaderos de Chile,1590769465
gsfn2o,"¬°¬°Cachen, lasagna de carne mechada a la chilena !!",b6384,lukazoo_,150,0.9,2rer8,Reddit Chile: La comunidad de los panaderos de Chile,1590702595
gt1ap5,FNE vis√≥ la compra de Cornershop por parte de Uber,vdksb,blindmodz,2,1.0,2rer8,Reddit Chile: La comunidad de los panaderos de Chile,1590786305
gs95t6,Perfectamente balanceado,gvyvk,parishiIt0n,405,0.94,2rer8,Reddit Chile: La comunidad de los panaderos de Chile,1590682397
gsqy70,Conferencia en ciberseguridad solidaria,t9q32a,sagalid,8,0.83,2rer8,Reddit Chile: La comunidad de los panaderos de Chile,1590750537
gsik84,Un triangulo amoroso bizarro,hyc05hl,FinchoDM,53,0.91,2rer8,Reddit Chile: La comunidad de los panaderos de Chile,1590712768
gsp10t,I need your help making a video for school.,34o033jd,jjhkok2,13,1.0,2rer8,Reddit Chile: La comunidad de los panaderos de Chile,1590741096
gsfve4,Ma√±alich reconoce que ‚Äúno ten√≠a conciencia‚Äù de la pobreza que existe en Santiago Poniente,vdksb,blindmodz,87,0.95,2rer8,Reddit Chile: La comunidad de los panaderos de Chile,1590703347
gsi0cd,"Vuelco en caso ""l√≠mite a la reelecci√≥n"": Legisladores veteranos no podr√≠an repostular",5j1lu3vg,goodestboahinthewest,52,0.98,2rer8,Reddit Chile: La comunidad de los panaderos de Chile,1590710734
gsao50,Unpopular opinion: Las dobladitas son superiores a las marraquetas,402fl,Daeveed,156,0.85,2rer8,Reddit Chile: La comunidad de los panaderos de Chile,1590687184
gshq00,Cu√©ntenme su teor√≠a conspiranoica Chilena favorita.,5pdvt0au,Khaeliz,39,0.91,2rer8,Reddit Chile: La comunidad de los panaderos de Chile,1590709729
gt7zbr,Rappi es una compa√±√≠a colombiana delictual,erc8u,cammilo96,0,0.25,2rer8,Reddit Chile: La comunidad de los panaderos de Chile,1590812637
gskvwi,Siempre hay un chileno...hasta en Minneapolis ü§®,wsjtb,Superfan234,12,0.71,2rer8,Reddit Chile: La comunidad de los panaderos de Chile,1590721990
gsgb2t,Taller Redacci√≥n Creativa Reddit 6,7oeyrn1,chiledoesntexist,30,0.91,2rer8,Reddit Chile: La comunidad de los panaderos de Chile,1590704797
gsiktt,Dejar la embarra en la cocina vali√≥ la pena,62i2vhcj,ColdRainCake,21,0.81,2rer8,Reddit Chile: La comunidad de los panaderos de Chile,1590712830
gsjycx,Huenchumilla y Harboe advierten que l√≠mite a la reelecci√≥n regir√≠a para actuales parlamentarios pese a que se haya aprobado sin retroactividad,51525cmo,Titankin_Shico,15,0.94,2rer8,Reddit Chile: La comunidad de los panaderos de Chile,1590718186
gsjldz,"Casi $2 mil millones suman sueldos de directores de empresas p√∫blicas: Codelco, BancoEstado y Enap concentran la mitad",2pxvf03m,TitoDantito,14,0.83,2rer8,Reddit Chile: La comunidad de los panaderos de Chile,1590716766
gsib91,Covid: Registro Civil inscribe 63 muertes m√°s que las informadas por el Minsal y anota otras 316 como ‚Äúsospechosas‚Äù,12k4h7,rm-rf-urself,21,0.87,2rer8,Reddit Chile: La comunidad de los panaderos de Chile,1590711820
gsfc77,"""Carnaval de vulgaridad"": Repudian tributo de Cathy Barriga a funcionarios m√©dicos y pacientes con COVID-19",dx4rt,Harkoncito,32,0.88,2rer8,Reddit Chile: La comunidad de los panaderos de Chile,1590701613
gsf0u7,"Camila Flores acusa ""adoctrinamiento"" infantil por cap√≠tulo de ‚ÄúPuerto Papel‚Äù que hablan de nueva constituci√≥n",efoff,malafar,32,0.88,2rer8,Reddit Chile: La comunidad de los panaderos de Chile,1590700613
gsdfif,calama_irl,raxsg,Snowcolors,40,0.87,2rer8,Reddit Chile: La comunidad de los panaderos de Chile,1590695618
gs2qqa,"Revisando mi tel√©fono a las 5 de la ma√±ana encontr√© esta foto tomada como en enero en Tobalaba L4, quiero, o mas bien necesito encontrar esta ilustraci√≥n en buena calidad, o en su defecto quien la hizo, no soporto no tener semejante obra de arte en alta calidad",hlmmu,yahutzee,242,0.97,2rer8,Reddit Chile: La comunidad de los panaderos de Chile,1590656603
gshtkw,Enel adelanta salida de sus centrales en Coronel y dejar√° de operar con carb√≥n en Chile en 2 a√±os - La Tercera,hyc05hl,FinchoDM,13,0.89,2rer8,Reddit Chile: La comunidad de los panaderos de Chile,1590710073
gshgul,"Abortion 'doulas' in Chile risk prison, saying women need their help",4mm6kgog,ChoiceTechnician,13,0.77,2rer8,Reddit Chile: La comunidad de los panaderos de Chile,1590708808
gruebo,pium pium,4gzeo2u5,quesloquesho,874,0.98,2rer8,Reddit Chile: La comunidad de los panaderos de Chile,1590620477
gsbd5e,"Busco contactos de cercanos de las arsenaleras voluntarias de la Cruz Roja, dictadura Chile 1973.",j58yl,miidni,24,0.88,2rer8,Reddit Chile: La comunidad de los panaderos de Chile,1590689360
gsaezw,"Casos confirmados en Chile COVID-19, 28 de Mayo.",495a5aaj,0Max00,24,0.92,2rer8,Reddit Chile: La comunidad de los panaderos de Chile,1590686379
gsdzhh,"Que debo decir cuando alguien dice que las protestas de ""1,2 millones de personas"" son solo el 10% de Chile y que no demuestran nada?",mgsif,archanodoid,12,0.81,2rer8,Reddit Chile: La comunidad de los panaderos de Chile,1590697281
gsf7n5,Paciente del Hotel O'Higgins con Covid-19 intent√≥ escupir hacia la calle,htnka,jorgicio,10,0.92,2rer8,Reddit Chile: La comunidad de los panaderos de Chile,1590701213
gscel8,Cosas que los turistas creen de Chile y son incorrectas y que pueden llegar a enojar.,20uqw3d2,flarac,15,0.94,2rer8,Reddit Chile: La comunidad de los panaderos de Chile,1590692539
gsayq0,Faltan panes gente!,5tqlb1yl,Lucisn0,19,0.77,2rer8,Reddit Chile: La comunidad de los panaderos de Chile,1590688137
gsf7x0,Carabineros desaloj√≥ a 150 familias mapuche por terrenos tomados en Lonquimay,2pxvf03m,TitoDantito,9,0.8,2rer8,Reddit Chile: La comunidad de los panaderos de Chile,1590701237
gsafwo,"suicide jokes, amirite boys?",llb5vyf,RabidGuillotine,15,0.61,2rer8,Reddit Chile: La comunidad de los panaderos de Chile,1590686461
gsc0bx,"Otro conflicto con Chile, esta vez por el mapa de la plataforma continental",llb5vyf,RabidGuillotine,10,0.86,2rer8,Reddit Chile: La comunidad de los panaderos de Chile,1590691337
gsbw7v,Costumbres extra√±as.,6d794lq3,Domodimmadome,11,1.0,2rer8,Reddit Chile: La comunidad de los panaderos de Chile,1590690984
gs8ga8,¬øLos Carabineros va a trabajar con su uniforme puesto o se lo colocan en su lugar de trabajo?,6f9zizgu,The_Startupman,15,0.87,2rer8,Reddit Chile: La comunidad de los panaderos de Chile,1590680106
gsccjm,Soy del futuro!,697rlil5,BewareWetPaint,6,0.62,2rer8,Reddit Chile: La comunidad de los panaderos de Chile,1590692363
gsdicx,El doble juego del PC tras su negativa a sumarse al acuerdo nacional,4mm6kgog,ChoiceTechnician,3,0.6,2rer8,Reddit Chile: La comunidad de los panaderos de Chile,1590695856
gsb2nk,Las empresas p√∫blicas que m√°s pagaron a sus directores en 2019 | Econom√≠a,zens6,JustShhhhhh,5,0.7,2rer8,Reddit Chile: La comunidad de los panaderos de Chile,1590688462
gsbyd6,Recomendaci√≥n de Felices y Forrados de cambio de fondo satura p√°ginas web de algunas AFP,yup5h6a,riczan,4,0.75,2rer8,Reddit Chile: La comunidad de los panaderos de Chile,1590691173
gskx2d,cual es la mejor compa√±ia de internet y donde?,17vtg0,tolar777,1,0.6,2rer8,Reddit Chile: La comunidad de los panaderos de Chile,1590722121
gs9nop,Valdivia in the Los R√≠os region of Chile will build a sub-river tunnel,wgw6z,rvandenberg,7,1.0,2rer8,Reddit Chile: La comunidad de los panaderos de Chile,1590683996
gs5ro9,Consulta sobre app de trading en Chile,31jsfv7o,Stendhal_now,15,0.82,2rer8,Reddit Chile: La comunidad de los panaderos de Chile,1590670564
gs2s1e,City Pop Actual de Chile 2020 - Ê¨°‰∏ñ‰ª£„Ç∑„ÉÜ„Ç£„Éù„ÉÉ„Éó 2020 ÔºàCHILEANÔΩú„Åä„Åô„Åô„ÇÅÔΩú„ÉÅ„É™„Åã„ÇâÔΩúÎèÑÏãú ÌåùÔºâ,16hl0o2m,burstraging,25,0.88,2rer8,Reddit Chile: La comunidad de los panaderos de Chile,1590656781
grq8jm,cursed_seduction,7ss67w9,tellmiraclenotsaint,236,0.96,2rer8,Reddit Chile: La comunidad de los panaderos de Chile,1590606960
grkcy1,"La cosecha de ayer, en pleno Oto√±o.",5zc1w274,Jojojojose,593,1.0,2rer8,Reddit Chile: La comunidad de los panaderos de Chile,1590588405
gsaaer,La ciencia y las enfermedades o la historia de las (in)certezas: B√°rbara Silva,wleem,MinaDawngate,2,0.63,2rer8,Reddit Chile: La comunidad de los panaderos de Chile,1590685973
gsfx18,¬øExperiencia con mundo pac√≠fico?,33qrodjg,OozingPositron,0,0.5,2rer8,Reddit Chile: La comunidad de los panaderos de Chile,1590703503
gryqzv,Y esto?,3l1k7pup,najahtpkw,26,0.85,2rer8,Reddit Chile: La comunidad de los panaderos de Chile,1590637225
gs89j7,Clases online,6acokof5,sedapemu,3,1.0,2rer8,Reddit Chile: La comunidad de los panaderos de Chile,1590679486
gryvd1,Proyecciones del desarrollo de la pandemia de covid en Chile hasta agosto.,3a800gkd,Cientocincuenta,25,0.92,2rer8,Reddit Chile: La comunidad de los panaderos de Chile,1590637731
grub3z,Dial√©ctica Hegeliana en acci√≥n,be4fwvl,PuduInvasion,48,0.93,2rer8,Reddit Chile: La comunidad de los panaderos de Chile,1590620154
grl1hz,Imperlismo Chileno,9vtz7,Chibano,200,0.92,2rer8,Reddit Chile: La comunidad de los panaderos de Chile,1590590794
grz94h,Estos son datos duros. Recien salido del horno. (Covid-19 chile),4ygs873y,maoelchino,17,0.81,2rer8,Reddit Chile: La comunidad de los panaderos de Chile,1590639320
grvct9,tomates cherry entero detonao madurando en la fecha limite,2234zz3y,dokak,32,0.94,2rer8,Reddit Chile: La comunidad de los panaderos de Chile,1590623942
grwory,Estudio del Colmed y la U. de Chile detecta que el 15% de los casos de covid-19 sigue saliendo a trabajar,kc7xf,quasianagrammatic,20,0.93,2rer8,Reddit Chile: La comunidad de los panaderos de Chile,1590628975
gs0jj5,Barricadas y da√±os a futura estaci√≥n de metro Lo Mart√≠nez dejan protestas en El Bosque,2pxvf03m,TitoDantito,9,1.0,2rer8,Reddit Chile: La comunidad de los panaderos de Chile,1590645374
grj2t9,"Epidemi√≥loga Muriel Ram√≠rez renuncia a Mesa Covid: ""las autoridades no escuchan""",134ttz,magallanes2010,213,0.97,2rer8,Reddit Chile: La comunidad de los panaderos de Chile,1590583624
grlp9e,Primera vez haciendo empanadas,12u2q4,Hormoaningg,129,0.95,2rer8,Reddit Chile: La comunidad de los panaderos de Chile,1590593020
grvnej,Ya po cabros quien fue? : Irish People Try Chilean Snacks,51qbdxnp,kultrunvisir,24,0.87,2rer8,Reddit Chile: La comunidad de los panaderos de Chile,1590625018
grq2cv,Ministro de Defensa dicta retiro absoluto de capit√°n que denunci√≥ corrupci√≥n en el Ej√©rcito,qpzr8,mijogo,60,0.93,2rer8,Reddit Chile: La comunidad de los panaderos de Chile,1590606427
grwot7,Gobierno ingres√≥ proyecto de ley para eliminar algunos tr√°mites notariales,za2w6,Random_182f2565,19,0.92,2rer8,Reddit Chile: La comunidad de los panaderos de Chile,1590628980
grqgbi,"Fans chilenos de 31 minutos y lego, apoyen este genial proyecto",5tpgdow1,vix3yuii,55,0.94,2rer8,Reddit Chile: La comunidad de los panaderos de Chile,1590607608
grxuju,"Wena cabros, grabamos esta cancion en cuarentena, somos una banda de rock alternativo y nos gustar√≠a saber su opini√≥n uwu",664ldgem,rafafakatsuki,13,0.71,2rer8,Reddit Chile: La comunidad de los panaderos de Chile,1590633548
grxrf3,Qu√© est√° pasando con las AFP que colapsaron los sitios?,11x2us,BorderLove89,12,1.0,2rer8,Reddit Chile: La comunidad de los panaderos de Chile,1590633205
grtsrg,Seremi de Salud inicia sumario sanitario en Canal 13 y Mega tras denuncias por Bailando por un sue√±o,7oeyrn1,chiledoesntexist,21,1.0,2rer8,Reddit Chile: La comunidad de los panaderos de Chile,1590618345
grun2z,"Llego algo tarde, primer intento :D",rcdbguw,ayinco,18,0.8,2rer8,Reddit Chile: La comunidad de los panaderos de Chile,1590621349
grwboc,Mi primer intento de clonar romero y or√©gano (hoy ha sido un d√≠a productivo),za2w6,Random_182f2565,13,0.93,2rer8,Reddit Chile: La comunidad de los panaderos de Chile,1590627576
grubxm,Mi primer intento de clonar suculentas,za2w6,Random_182f2565,18,1.0,2rer8,Reddit Chile: La comunidad de los panaderos de Chile,1590620238
gru5o3,Los argumentos m√°s extra√±os que dieron los senadores para no votar la retroactividad en la reelecci√≥n,5j1lu3vg,goodestboahinthewest,14,0.86,2rer8,Reddit Chile: La comunidad de los panaderos de Chile,1590619609
grxdi3,¬øPor qu√© una planta chilena puede ser clave para curar el coronavirus? El desconocido aporte del quillay en futura vacuna - La Tercera,hyc05hl,FinchoDM,7,0.77,2rer8,Reddit Chile: La comunidad de los panaderos de Chile,1590631652
grntfm,Elton John y una de las m√∫ltiples soas bachelets,4gzeo2u5,quesloquesho,38,0.83,2rer8,Reddit Chile: La comunidad de los panaderos de Chile,1590599605
grpo5y,Ejecutivos de YPF citados a audiencia de conciliaci√≥n por su responsabilidad en el derrame de petr√≥leo m√°s grande en la historia de Chile,za2w6,Random_182f2565,27,0.97,2rer8,Reddit Chile: La comunidad de los panaderos de Chile,1590605209
grrhek,El Arvo Campion,3uvvazit,puntastic_name,19,0.79,2rer8,Reddit Chile: La comunidad de los panaderos de Chile,1590610839
grbqes,machiposting,qcklxye,Joze525,428,0.91,2rer8,Reddit Chile: La comunidad de los panaderos de Chile,1590549313
grkvus,"Desempleo en el Gran Santiago se dispara hasta un 15,6% en marzo: Es el mayor registro en 20 a√±os",61hjutr6,halfwaythug,49,0.94,2rer8,Reddit Chile: La comunidad de los panaderos de Chile,1590590256
grsnxy,"Muere recordado humorista chileno ""Pepe Tapia""",134ttz,magallanes2010,13,0.94,2rer8,Reddit Chile: La comunidad de los panaderos de Chile,1590614559
grpgmc,"Ten√≠a ganas de hacer ajiaco, nunca hab√≠a hecho y quedo potente.",5kmm2fcn,naxomaster,20,0.89,2rer8,Reddit Chile: La comunidad de los panaderos de Chile,1590604555
grlq4n,Hice dulce de leche!,47uxk0ok,Iwannastoprn,32,0.82,2rer8,Reddit Chile: La comunidad de los panaderos de Chile,1590593104
gs8l9r,Exploracion Urbana,3dslcusg,Hughmungus_Chungus,0,0.33,2rer8,Reddit Chile: La comunidad de los panaderos de Chile,1590680556
grl886,Encuesta sobre el consumo de ropa en Chile y el medio ambiente,1h0dhest,HesThunderstorms,28,0.98,2rer8,Reddit Chile: La comunidad de los panaderos de Chile,1590591453
grli7r,"Casos confirmados en Chile COVID-19, 27 de Mayo.",495a5aaj,0Max00,23,0.94,2rer8,Reddit Chile: La comunidad de los panaderos de Chile,1590592365
grli5c,Demoledor an√°lisis de DW sobre Chile y Covid-19: ¬øPor qu√© un pa√≠s modelo parece hundirse en el caos?,xgonk,certifiedddddd,23,0.85,2rer8,Reddit Chile: La comunidad de los panaderos de Chile,1590592358
grq0lu,¬øQui√©n de ustedes fue el otaku-huaso ladr√≥n?,2fpwl9ky,SrHuev0n,11,0.87,2rer8,Reddit Chile: La comunidad de los panaderos de Chile,1590606275
grgytc,Papa Bodoque,2nwt7et4,PachexMix,47,0.95,2rer8,Reddit Chile: La comunidad de los panaderos de Chile,1590573982
gr3yy2,Hagamos un ejercicio de memoria...,1zivc1dz,longanizas,640,0.93,2rer8,Reddit Chile: La comunidad de los panaderos de Chile,1590521843
grnn9v,"Coquimbo con menos contagios que La Serena, pero preocupa lo que viene",3fqzb,ffuentes,11,1.0,2rer8,Reddit Chile: La comunidad de los panaderos de Chile,1590599102
grjt8w,"Coyhaique, PATAGONIA Chilena by drone, 2020",5npw5a5e,vitalikaras,21,0.89,2rer8,Reddit Chile: La comunidad de los panaderos de Chile,1590586428
grnm58,TKCH > Chocman,3l6u2a8r,superfletus,11,0.67,2rer8,Reddit Chile: La comunidad de los panaderos de Chile,1590599015
grnnuo,Alejandra Matus y las ma√±osas cifras de Ma√±alich - podcast La Cosa Nostra,3qqfp,macana144,10,0.7,2rer8,Reddit Chile: La comunidad de los panaderos de Chile,1590599150
grours,"Chilenos rapados, ¬øC√≥mo lo llevan?",623yo2ho,fena_rowin,7,0.69,2rer8,Reddit Chile: La comunidad de los panaderos de Chile,1590602704
grsxso,Wena cabr@s necesito su ayuda,5g2wr9m7,Inti76,4,0.83,2rer8,Reddit Chile: La comunidad de los panaderos de Chile,1590615436
grib4f,L√≠mite a la reelecci√≥n: Senado aprueba proyecto sin retroactividad,15674m,Euxin,22,0.96,2rer8,Reddit Chile: La comunidad de los panaderos de Chile,1590580360
grojxu,"As√≠ votaron los senadores el l√≠mite a la reelecci√≥n, pero sin ""retroactividad""",4mm6kgog,ChoiceTechnician,4,0.75,2rer8,Reddit Chile: La comunidad de los panaderos de Chile,1590601795
grjxo4,"me llego una estafa, saben donde denunciar una web de phishing del banco estado?",134112,knselektor,10,0.92,2rer8,Reddit Chile: La comunidad de los panaderos de Chile,1590586880
grl4kn,Segunda oleada,6acokof5,sedapemu,9,0.92,2rer8,Reddit Chile: La comunidad de los panaderos de Chile,1590591095
grxc14,TOP Countries with MOST NETFLIX Subscribers (2007-2020) // Number of PAID Subscribers by Country,5a6a01u4,DataPatata,0,0.4,2rer8,Reddit Chile: La comunidad de los panaderos de Chile,1590631491
gr50ic,Esto es la definici√≥n de boomer de izquierda,2bc8g21u,dkease,186,0.92,2rer8,Reddit Chile: La comunidad de los panaderos de Chile,1590525079
gqzf3i,Se cre√≥ una amistad,zens6,JustShhhhhh,452,0.96,2rer8,Reddit Chile: La comunidad de los panaderos de Chile,1590507780
grppq8,Recomendaciones aur√≠culares,60ztrkub,mainthresh11,3,0.8,2rer8,Reddit Chile: La comunidad de los panaderos de Chile,1590605354
grdqcc,Alcalde de Isla de Pascua es detenido tras protagonizar ri√±a con dirigente de comunidad local,3s1f2r9q,50ff144,22,0.97,2rer8,Reddit Chile: La comunidad de los panaderos de Chile,1590558045
grbgft,"Sin camas, sin respiradores, ni personal: el colapso del Hospital El Carmen de Maip√∫",k0u84,xElMerYx,35,0.96,2rer8,Reddit Chile: La comunidad de los panaderos de Chile,1590548181
gr3i0e,"No sal√≠a de la casa hace bastante, absolutamente no decepcionado.",ib0qv,Yatame,107,0.98,2rer8,Reddit Chile: La comunidad de los panaderos de Chile,1590520445
gr5z32,Regalo arboles nativos en Chill√°n (Peumo-Quillay-Maqui),hyc05hl,FinchoDM,69,0.97,2rer8,Reddit Chile: La comunidad de los panaderos de Chile,1590528190
gr4a7b,"¬°Por fin! El juego de cartas chileno Causa, Voices of the Dusk ya est√° disponible gratis en Steam.",2z3tijcf,PlayCausa,80,0.94,2rer8,Reddit Chile: La comunidad de los panaderos de Chile,1590522799
gregfa,"¬øQue opinan de chilenos no mapuches llevando la bandera mapuche en las protestas o en su vida diaria, o incluso usandolos como simbolos del movimiento?",1rqurpbd,Tomnation31,11,0.92,2rer8,Reddit Chile: La comunidad de los panaderos de Chile,1590561551
grui6x,Les presento El Huevopleto,40k6puy5,la_king_kong,0,0.46,2rer8,Reddit Chile: La comunidad de los panaderos de Chile,1590620858
gr7dm2,Muere primer m√©dico por Covid-19 en el pa√≠s: trabajaba como gastroenter√≥logo en H. S√≥tero del R√≠o,12xfsj,VoidFroid,43,0.93,2rer8,Reddit Chile: La comunidad de los panaderos de Chile,1590532862
gr8enr,Hecho con ayuda de mi perro.,12lu44,Qulox,37,0.72,2rer8,Reddit Chile: La comunidad de los panaderos de Chile,1590536447
grcwd1,Alguien se acuerda si este caso en verdad pas√≥?,11x2us,BorderLove89,13,1.0,2rer8,Reddit Chile: La comunidad de los panaderos de Chile,1590554210
grcvud,"Estudio advierte sobre dram√°ticas proyecciones para Chile, Brasil y Per√∫ por el coronavirus - La Tercera",6f3x1z1d,Firstworldtrashy,11,1.0,2rer8,Reddit Chile: La comunidad de los panaderos de Chile,1590554146
grnxfg,mezcal mexicano,681nq21s,rraulcvs,1,0.99,2rer8,Reddit Chile: La comunidad de los panaderos de Chile,1590599942
gr9rpo,Chile reclam√≥ a la Argentina por el mapa de la plataforma continental y gener√≥ otro cortocircuito diplom√°tico,14skal,nietzs-cl,18,0.83,2rer8,Reddit Chile: La comunidad de los panaderos de Chile,1590541534
gr5mpn,"#GuatonesConHambre, la ignorancia de un hashtag: obesos y pobres tienen mucho m√°s riesgo de morir por Covid-19",6sa8xqf,BisonteL,35,0.78,2rer8,Reddit Chile: La comunidad de los panaderos de Chile,1590527065
grcakd,¬øAlguien que haya abandonado la comunidad estudiantil en su u?,5bd8jux6,Txeloide,11,0.67,2rer8,Reddit Chile: La comunidad de los panaderos de Chile,1590551632
grm4c9,"Mis hamburguesas veganas, ahora cocinadas. :D",za2w6,Random_182f2565,0,0.47,2rer8,Reddit Chile: La comunidad de los panaderos de Chile,1590594411
gr26lg,La mejor publicidad,15gymi,Tierrrez,45,0.9,2rer8,Reddit Chile: La comunidad de los panaderos de Chile,1590516423
grb0gv,Sobre la compra compulsiva ¬øles pasa?,1036nh,MrVicent,9,0.8,2rer8,Reddit Chile: La comunidad de los panaderos de Chile,1590546376
gr41up,*Cries in Allende*,21p2cmk,Osesnorraudo,36,0.91,2rer8,Reddit Chile: La comunidad de los panaderos de Chile,1590522088
gr1l6m,"Jaime Ma√±alich, Ministro de Salud: ¬´Todos los ejercicios epidemiol√≥gicos, las f√≥rmulas con las que yo mismo me seduje en enero de proyecci√≥n, se han derrumbado como castillo de naipes¬ª",3qqfp,macana144,45,0.9,2rer8,Reddit Chile: La comunidad de los panaderos de Chile,1590514546
gr4tbs,"Clint Eeastwood: The Good, the Bad and the Ugly",vr91tfv,3v1lrob07,24,0.87,2rer8,Reddit Chile: La comunidad de los panaderos de Chile,1590524448
gra1f9,La historia del meme m√°s popular del momento: Perro Grande y Perro Chico,dx4rt,Harkoncito,10,0.78,2rer8,Reddit Chile: La comunidad de los panaderos de Chile,1590542577
gr9a5g,Daniel Matamala a Karol Cariola: ‚Äú¬øQu√© duda hay de que China es una dictadura?‚Äù,gvyvk,parishiIt0n,12,0.67,2rer8,Reddit Chile: La comunidad de los panaderos de Chile,1590539674
gr68p6,DORITOS PIZZA,4djxq1d8,Estigui2K19,17,0.87,2rer8,Reddit Chile: La comunidad de los panaderos de Chile,1590529050
gqsfn9,"Volvi√≥ el original! No esperaba sorpresas cuando fui a comprar unas cosas al s√∫per. Si bien el presupuesto est√° muy ajustado, creo que en tiempos como estos no hace mal volver un poco a la infancia. YA S√â que hab√≠a otros de una marca que no recuerdo, pero estos son los que m√°s extra√±√© jaj",5muy6ipe,th3_0ut_s1d3r,229,0.97,2rer8,Reddit Chile: La comunidad de los panaderos de Chile,1590478010
7cwfmr,Bienvenidos! Ojala se arme una comunidad,3uyv2,ozzraven,9,1.0,3py9x,ChileArte,1510674368
gumua6,Regalo de cumplea√±os en acuarela,g4g5o,Litaita,15,1.0,3py9x,ChileArte,1591026131
grdk7c,Salvando a un tierno Carpincho,xtg7c,DalienHoek,3,0.81,3py9x,ChileArte,1590557217
gqrt65,Cianotipia de un humanoide creado a partir de radiograf√≠as de gente fallecida. 78x138 si les gusta les muestro como quedo montado en el bastidor,69u8saad,MrLitio,12,0.93,3py9x,ChileArte,1590474875
gkdjzw,Aldu - creencia (Video Oficial),24s54zx5,Foxmaxter,3,1.0,3py9x,ChileArte,1589563957
ghizju,"""√öltimo Verso"" Freestyle Piano Beat | Free Hip Hop Instrumental 2020 | C...",6a7fr4b9,CrsaunBeats,3,1.0,3py9x,ChileArte,1589181978
ggmvh1,[FREE] INSTRUMENTAL USO LIBRE / CHILL BOOM BAP RAP CHILENO 2020 | RELAX ...,6a7fr4b9,CrsaunBeats,4,0.75,3py9x,ChileArte,1589055669
gf11s9,"BASE DE RAP - ""HANS BOOM BAP"" / 90's HIP HOP INSTRUMENTAL - USO LIBRE 20...",6a7fr4b9,CrsaunBeats,2,1.0,3py9x,ChileArte,1588831657
geew2c,YouTube,6a7fr4b9,CrsaunBeats,8,1.0,3py9x,ChileArte,1588747300
gdsh9n,CRSAUNBEATS / BASE DE RAP: CURTIS CUTS | JAZZ HIP HOP INSTRUMENTAL 2020,6a7fr4b9,CrsaunBeats,3,1.0,3py9x,ChileArte,1588659684
gdouv0,[FREE] INSTRUMENTAL USO LIBRE / BEAT BOOM BAP RAP CHILENO 2020 | DANIELA...,6a7fr4b9,CrsaunBeats,3,1.0,3py9x,ChileArte,1588643332
gdgbjd,Les dejo el link de un proyecto que arranqu√© en YouTube explicando m√∫sica con LEGOS y de forma f√°cil y divertida jaja espero que aprendan y la pasen bien üòâ no olviden suscribirse,6be81zul,TomiCavazza,7,1.0,3py9x,ChileArte,1588614496
g703xi,https://tenzon.bandcamp.com/album/vol-1-2,2gxqivfi,osrm88,5,0.79,3py9x,ChileArte,1587694793
g6wrw1,"Rabia Amor y Depresi√≥n, mi disco de m√∫sica :) refleja mi estado depresivo en una etapa d√≠ficil de mi vida, que lo disfruten.",11m43u,weonmistico,4,0.84,3py9x,ChileArte,1587682140
g6wjpm,"CrsaunBeats: Cristina Blessing, Interludio Boom Bap Instrumental Hip Hop...",6a7fr4b9,CrsaunBeats,2,1.0,3py9x,ChileArte,1587681333
g6u0xl,"CrsaunBeats: Lilian Ferumbras, 808s Beat Hip Hop Chileno 2020",6a7fr4b9,CrsaunBeats,4,1.0,3py9x,ChileArte,1587673026
g5l5he,M√∫sica Autogestionada,690x7our,pandecebolla,2,1.0,3py9x,ChileArte,1587495177
g5kkj8,M√∫sica Autogestionada de los Piratas,690x7our,pandecebolla,2,1.0,3py9x,ChileArte,1587493358
g1vgv0,¬øD√≥nde se publican microrrelatos?,4hoifkz2,sernikzdziurami,6,1.0,3py9x,ChileArte,1586968641
fymz1u,Blog de Belferith,114t66,Belferith,7,1.0,3py9x,ChileArte,1586547383
fvieza,"hola cabres como est√°n, me llamo Diego y este a√±o entro a estudiar cine, la verdad estoy un poco nervioso hfsjkhsd, no s√© si hay alguien que estudie eso o algo parecido, me puse a revisar sus trabajos y estan bakanes, eso po cuidense",4eebbaa6,ElToledo2000,3,0.8,3py9x,ChileArte,1586110731
fueftu,"Bkn hacer grupo por aca. Yo soy artista multimedia, mi trabajo es sobre evocar lo m√°s grande desde lo mas chico.",71cmu,Pklawitter,27,0.95,3py9x,ChileArte,1585941078
fu556e,Hace mucho tiempo no dibujaba en digital. Hecho en paint tool sai,3ls95w4v,valepatata,3,0.81,3py9x,ChileArte,1585905330
fntzdw,"Buena, cabros. Hice un video stopmotion para mi canci√≥n ""Somewhere Around The Galaxy"" (Indie Rock) Espero que lo disfruten.",1cnqpswm,AfternoonCircus,5,1.0,3py9x,ChileArte,1585004502
fkxuhw,üòîüòîüòî,3yaqdfzg,JoeBlandino,0,0.43,3py9x,ChileArte,1584567865
fk6p0q,"Painting on the doorway of an AirBnB, Vina del Mar, Chile.",5i3zjgat,MattCo1981,14,1.0,3py9x,ChileArte,1584457243
fd69jo,"wena cabrxs, aqu√≠ les dejo uno de mis personajes, soy consciente que no soy muy bueno dibujando, sin embargo me encanta dibujar y mejorar en esto... Espero que esta peque√±a comunidad logre darme m√°s ideas del c√≥mo mejorar en mis dibujos y en el arte :D. Buenas Noches :D",5ifxiyi4,kusosaurius,13,0.94,3py9x,ChileArte,1583289710
fd0t75,"Toronja - silenciosamente abandonando Tierra, un tema ambiental que he venido trrabajando por un tiempo",50sft875,toronjachan,1,0.67,3py9x,ChileArte,1583266908
fa33hd,"Ilustraci√≥n de Asamblea Constituyente. Peri√≥dico ""El Correo Ilustrado"", 4 de noviembre de 1858,",1j3l0j5b,YoghurtForBreakfast,21,0.97,3py9x,ChileArte,1582762089
fa4jck,"""Sceuch"" - Matar un hombre.",3fqd0xdx,polomuh,1,1.0,3py9x,ChileArte,1582768385
erz64i,Abnormal Hunt (Serie web de parodia paranormal),1u9elstu,PizzaAstronaut,1,1.0,3py9x,ChileArte,1579633094
erpa3j,"Rechazo Records, esta es la m√∫sica que hago, ojala puedan escuchar algo",2g34lxou,DonMamer,2,1.0,3py9x,ChileArte,1579579948
el2gli,"Llevo 3 a√±os viviendo de mi arte en Chile, esta es mi ultima exposici√≥n. Feliz que asistan aunque sea solo por el vino gratis.",r03cp,tola_navarro,41,0.9,3py9x,ChileArte,1578353746
el4kft,"Los invito a ver Gabinete, una serie de micro documentales de artistas contepor√°neos chilenos en la cual trabaj√©.",d7ppv,slaucsap,3,1.0,3py9x,ChileArte,1578363255
ebwjbe,8 Bits,xhzbink,serolf_777,13,0.94,3py9x,ChileArte,1576593269
e8dv1x,dise√±o 3d (m√°s en instagram @francpelli),2toivj60,_ffff_66,21,1.0,3py9x,ChileArte,1575916231
e4z2i7,Ksksududidiid,5522npnp,franxforever,0,0.4,3py9x,ChileArte,1575293201
e297sh,"Server de Discord ""Chile Intelectual""",4ut8jkxw,Rekitowo,0,0.5,3py9x,ChileArte,1574821989
dwbvhb,Movilizaciones Octubre,21x9cuwo,fir3_walk_with-me,9,0.82,3py9x,ChileArte,1573749021
dtfgxh,Selk'nam inspirado por una pieza ic√≥nica de Banksy,143u6e,Cain-Draws,24,0.92,3py9x,ChileArte,1573219907
ftvb4j,"Ahora que el gym est√° cerrado, ¬øqu√© wea hacer? Algunas ideas.",gmf2e,Bl4nkface,12,0.93,26l4l3,Chilefit,1585864071
gutgzj,"Thread semanal: comentarios, discusi√≥n y consultas varias",gmf2e,Bl4nkface,3,1.0,26l4l3,Chilefit,1591046901
gqcac1,"Thread semanal: comentarios, discusi√≥n y consultas varias",gmf2e,Bl4nkface,2,1.0,26l4l3,Chilefit,1590418339
gou4qg,"Si abren tu gimnasio, ir√≠as?",n8pbl,the_chilean,0,0.36,26l4l3,Chilefit,1590189493
gm3x2u,"Thread semanal: comentarios, discusi√≥n y consultas varias",gmf2e,Bl4nkface,5,1.0,26l4l3,Chilefit,1589816846
gl8ijs,"Tengo dos condiciones que se contradicen una a la otra, consejos?",5n1aqmmq,Ar_qi,5,1.0,26l4l3,Chilefit,1589686654
gjy4wc,"No soy de tomarme muchas fotos as√≠ que genuinamente no hab√≠a notado esta clase de progreso. Puede parecer poco, pero al igual que muchas mujeres empec√© con literalmente cero m√∫sculos!!",12o3me,IWannaBeALlamacorn,18,0.96,26l4l3,Chilefit,1589500256
ghpbmj,"Thread semanal: comentarios, discusi√≥n y consultas varias",gmf2e,Bl4nkface,4,1.0,26l4l3,Chilefit,1589209762
gfmf3c,Despu√©s de 20 a√±os de sedentarismo...,13r20dtu,MoeRendar1138,9,0.92,26l4l3,Chilefit,1588912533
gdelgj,"Thread semanal: comentarios, discusi√≥n y consultas varias",gmf2e,Bl4nkface,4,1.0,26l4l3,Chilefit,1588609209
g93d4w,"Thread semanal: comentarios, discusi√≥n y consultas varias",gmf2e,Bl4nkface,3,1.0,26l4l3,Chilefit,1588003008
g4ttq0,"Thread semanal: comentarios, discusi√≥n y consultas varias",gmf2e,Bl4nkface,2,1.0,26l4l3,Chilefit,1587393071
g0kqtn,The Quarantine Workout Template,gmf2e,Bl4nkface,5,1.0,26l4l3,Chilefit,1586790575
g0k8lb,"Thread semanal: comentarios, discusi√≥n y consultas varias",gmf2e,Bl4nkface,2,1.0,26l4l3,Chilefit,1586788950
fw0pml,"Thread semanal: comentarios, discusi√≥n y consultas varias",gmf2e,Bl4nkface,4,1.0,26l4l3,Chilefit,1586186901
fu9avh,Alguien sabe sobre la efectividad de este suplemento? Y alguna recomendaci√≥n al usarlo?,15htn0,maxwell_92,2,1.0,26l4l3,Chilefit,1585923869
frqfvx,"Thread semanal: comentarios, discusi√≥n y consultas varias",gmf2e,Bl4nkface,3,1.0,26l4l3,Chilefit,1585573562
fnk142,"Thread semanal: comentarios, discusi√≥n y consultas varias",gmf2e,Bl4nkface,2,1.0,26l4l3,Chilefit,1584970410
fmq48x,Quilpu√© - Casablanca,wleem,MinaDawngate,7,1.0,26l4l3,Chilefit,1584835743
fjkzop,"Thread semanal CORONAVIRUS EDITION: comentarios, discusi√≥n y consultas varias",xb6qk,gusta_cl,6,1.0,26l4l3,Chilefit,1584365512
fjo2v0,"Thread semanal: comentarios, discusi√≥n y consultas varias",gmf2e,Bl4nkface,2,1.0,26l4l3,Chilefit,1584377473
ffwdoz,"Thread semanal: comentarios, discusi√≥n y consultas varias",gmf2e,Bl4nkface,5,1.0,26l4l3,Chilefit,1583767792
fcfrbh,"Thread semanal: comentarios, discusi√≥n y consultas varias",gmf2e,Bl4nkface,3,0.81,26l4l3,Chilefit,1583170983
fce5rj,Ay√∫denme confeccionando una rutina please!,t037b,Felaipes,3,1.0,26l4l3,Chilefit,1583164888
f8u1ma,"Thread semanal: comentarios, discusi√≥n y consultas varias",gmf2e,Bl4nkface,5,0.86,26l4l3,Chilefit,1582562999
f6edr1,Ayuda armando un gym en la casa,5l2xr,eliterivera,10,1.0,26l4l3,Chilefit,1582134626
f5aaiu,"Thread semanal: comentarios, discusi√≥n y consultas varias",gmf2e,Bl4nkface,3,0.81,26l4l3,Chilefit,1581953268
f3f5hw,Es saludable tomar once y no cenar?,3fqzb,ffuentes,5,1.0,26l4l3,Chilefit,1581621377
f1sbq9,"Thread semanal: comentarios, discusi√≥n y consultas varias",gmf2e,Bl4nkface,3,0.81,26l4l3,Chilefit,1581350490
f0c652,Evaluaci√≥n f√≠sica de nuestro progreso,16sf98,KingFenrir,9,1.0,26l4l3,Chilefit,1581090105
